"Title","Description","Date","Company","Image","ID","Created Date","Updated Date","Owner","PDF","Platform","Rich Content","Discipline","Software","REVCON","CADCON","SKPCON","PlatformColor","ADOBECON","365CON","Publish Date","Unpublish Date","Status"
"Curtain Creative Quarter - Container Gallery Concept","CAD01X AutoCAD, SKP01X Sketchup","2015","[""DC Design"",""Place Laboratory""]","wix:image://v1/691d3d_646314bf90e74a059eb12798236c489a~mv2.png/PS7.png#originWidth=1045&originHeight=685","03ca6850-1f5e-4a7a-9131-1f8c649302ce",2025-05-22T09:20:15Z,2025-11-20T16:15:10Z,"691d3d0b-d7ba-4662-87b1-50b53656a4d9",,"[""Sketchup"",""AutoCAD""]",,"[""General"",""Landscape""]",,"wix:vector://v1/691d3d_8c642c235eb14c21b91e39bc1282fd19.svg/revit-logo.svg","wix:vector://v1/691d3d_61bbf406f3294fd0bc5b14766195875a.svg/ACADICON-COLOR.svg","wix:vector://v1/691d3d_fb861bf8ee104220aca36a9d052c4e50.svg/sketchup%20icon.svg","#C60000","wix:vector://v1/691d3d_d0c5c339b1024ed0ba47c7603f67dcd4.svg/Creative_Cloud.svg","wix:vector://v1/691d3d_59e78ce05dc040d89a2352f364e87bc1.svg/office-2.svg",2025-05-22T09:41:54Z,,"PUBLISHED"
"Ampol (Caltex) Pump System Upgrades - Wyoming","CAD01X AutoCAD Project","2020-2021 ","[""Richmond+Ross""]","wix:image://v1/691d3d_2e039dde76e94bdb846dbec85ef8763f~mv2.jpg/UPSS%20WYOMING(C)_Page_3.jpg#originWidth=3309&originHeight=2339","12b81c79-7217-4885-bcf8-0be298a0dbe6",2025-05-22T09:08:51Z,2025-11-20T16:15:10Z,"691d3d0b-d7ba-4662-87b1-50b53656a4d9",,"[""AutoCAD""]",,"[""Architecture"",""General""]",,"wix:vector://v1/691d3d_8c642c235eb14c21b91e39bc1282fd19.svg/revit-logo.svg","wix:vector://v1/691d3d_61bbf406f3294fd0bc5b14766195875a.svg/ACADICON-COLOR.svg","wix:vector://v1/691d3d_fb861bf8ee104220aca36a9d052c4e50.svg/sketchup%20icon.svg","#C60000","wix:vector://v1/691d3d_d0c5c339b1024ed0ba47c7603f67dcd4.svg/Creative_Cloud.svg","wix:vector://v1/691d3d_59e78ce05dc040d89a2352f364e87bc1.svg/office-2.svg",2025-05-22T09:42:12Z,,"PUBLISHED"
"Ampol Highway Service Centre Redevelopment, Eastern Creek NSW","BIM01X Revit, CAD01X AutoCAD","2020-2021 ","[""Richmond+Ross""]","wix:image://v1/691d3d_9e496fb718c94873af1ca0213d3a99a6~mv2.png/004.PNG#originWidth=1463&originHeight=684","200c701d-1843-4b81-98c5-2b823cd22ad4",2025-05-08T16:42:46Z,2025-11-20T16:15:10Z,"691d3d0b-d7ba-4662-87b1-50b53656a4d9",,"[""Revit""]",,"[""Architecture"",""General""]","[""ab9663e7-566d-44c0-8a3d-56c64e86b234"",""d49997cf-e89f-4cad-ab3c-b486c2724bb9""]","wix:vector://v1/691d3d_8c642c235eb14c21b91e39bc1282fd19.svg/revit-logo.svg","wix:vector://v1/691d3d_61bbf406f3294fd0bc5b14766195875a.svg/ACADICON-COLOR.svg","wix:vector://v1/691d3d_fb861bf8ee104220aca36a9d052c4e50.svg/sketchup%20icon.svg","#000AC8","wix:vector://v1/691d3d_d0c5c339b1024ed0ba47c7603f67dcd4.svg/Creative_Cloud.svg","wix:vector://v1/691d3d_59e78ce05dc040d89a2352f364e87bc1.svg/office-2.svg",,,"PUBLISHED"
"Ampol (Caltex) Pump System Upgrades - North Richmond","CAD01X AutoCAD Project","2020-2021 ","[""Richmond+Ross""]","wix:image://v1/691d3d_7f19c161a1f9458e84d16f7ff16cef73~mv2.jpg/UPSS%20NORTH%20RICHMOND(C)_Page_4.jpg#originWidth=3309&originHeight=2339","23e99739-c0e9-4bdd-a878-29c7bb8759d8",2025-05-08T18:51:31Z,2025-11-20T16:15:10Z,"691d3d0b-d7ba-4662-87b1-50b53656a4d9",,"[""AutoCAD""]",,"[""Architecture"",""General""]",,"wix:vector://v1/691d3d_8c642c235eb14c21b91e39bc1282fd19.svg/revit-logo.svg","wix:vector://v1/691d3d_61bbf406f3294fd0bc5b14766195875a.svg/ACADICON-COLOR.svg","wix:vector://v1/691d3d_fb861bf8ee104220aca36a9d052c4e50.svg/sketchup%20icon.svg","#C60000","wix:vector://v1/691d3d_d0c5c339b1024ed0ba47c7603f67dcd4.svg/Creative_Cloud.svg","wix:vector://v1/691d3d_59e78ce05dc040d89a2352f364e87bc1.svg/office-2.svg",2025-05-22T09:42:26Z,,"PUBLISHED"
"Ampol (Caltex) Pump System Upgrades - Wyoming","CAD01X AutoCAD Project","2020-2021 ","[""Richmond+Ross""]","wix:image://v1/691d3d_34e419d903d64b9fa1e814dda06846dc~mv2.jpg/UPSS%20WYOMING(C)_Page_1.jpg#originWidth=6617&originHeight=4678","274cb235-be99-4b40-a470-957ed24f40a3",2025-05-22T09:08:53Z,2025-11-20T16:15:10Z,"691d3d0b-d7ba-4662-87b1-50b53656a4d9",,"[""AutoCAD""]",,"[""Architecture"",""General""]",,"wix:vector://v1/691d3d_8c642c235eb14c21b91e39bc1282fd19.svg/revit-logo.svg","wix:vector://v1/691d3d_61bbf406f3294fd0bc5b14766195875a.svg/ACADICON-COLOR.svg","wix:vector://v1/691d3d_fb861bf8ee104220aca36a9d052c4e50.svg/sketchup%20icon.svg","#C60000","wix:vector://v1/691d3d_d0c5c339b1024ed0ba47c7603f67dcd4.svg/Creative_Cloud.svg","wix:vector://v1/691d3d_59e78ce05dc040d89a2352f364e87bc1.svg/office-2.svg",2025-05-22T09:42:10Z,,"PUBLISHED"
"Cue Roadhouse Traffic Management","CAD01X AutoCAD Project","2016","[""DC Design""]","wix:image://v1/691d3d_640b6ccfee38485fbf57d1ccf92750f7~mv2.jpg/17402-GA002_B.jpg#originWidth=3309&originHeight=2339","4d5cb385-703f-41fe-9fa8-767a2cb45a7a",2025-05-22T09:14:01Z,2025-11-20T16:15:10Z,"691d3d0b-d7ba-4662-87b1-50b53656a4d9",,"[""AutoCAD""]",,"[""General"",""Urban Planning""]",,"wix:vector://v1/691d3d_8c642c235eb14c21b91e39bc1282fd19.svg/revit-logo.svg","wix:vector://v1/691d3d_61bbf406f3294fd0bc5b14766195875a.svg/ACADICON-COLOR.svg","wix:vector://v1/691d3d_fb861bf8ee104220aca36a9d052c4e50.svg/sketchup%20icon.svg","#C60000","wix:vector://v1/691d3d_d0c5c339b1024ed0ba47c7603f67dcd4.svg/Creative_Cloud.svg","wix:vector://v1/691d3d_59e78ce05dc040d89a2352f364e87bc1.svg/office-2.svg",2025-05-22T09:38:09Z,,"PUBLISHED"
"Curtain Creative Quarter - Container Gallery Concept ","CAD01X AutoCAD, SKP01X Sketchup","2015","[""DC Design"",""Place Laboratory""]","wix:image://v1/691d3d_bfdf81d2e3d34b079d5c58047627eeb7~mv2.jpg/CURTIN%20CREATIVE%20QUARTER%20-%20MISC%20DETAILS_Page_17.jpg#originWidth=3309&originHeight=2339","5ed97da6-f58f-4dab-8fa7-20882fa9e059",2025-05-22T09:24:37Z,2025-11-20T16:15:10Z,"691d3d0b-d7ba-4662-87b1-50b53656a4d9",,"[""Sketchup"",""AutoCAD""]",,"[""General"",""Landscape""]",,"wix:vector://v1/691d3d_8c642c235eb14c21b91e39bc1282fd19.svg/revit-logo.svg","wix:vector://v1/691d3d_61bbf406f3294fd0bc5b14766195875a.svg/ACADICON-COLOR.svg","wix:vector://v1/691d3d_fb861bf8ee104220aca36a9d052c4e50.svg/sketchup%20icon.svg","#C60000","wix:vector://v1/691d3d_d0c5c339b1024ed0ba47c7603f67dcd4.svg/Creative_Cloud.svg","wix:vector://v1/691d3d_59e78ce05dc040d89a2352f364e87bc1.svg/office-2.svg",2025-05-22T09:41:57Z,,"PUBLISHED"
"Curtain Creative Quarter - Outdoor Study Pod Concept","CAD01X AutoCAD, SKP01X Sketchup","2015","[""DC Design"",""Place Laboratory""]","wix:image://v1/691d3d_fee9e93f023542239b7511765ccb632b~mv2.png/PODAX3B.png#originWidth=1533&originHeight=903","66dbcada-523b-4dd8-8f40-ee65e9b44a09",2025-05-22T09:17:22Z,2025-11-20T16:15:10Z,"691d3d0b-d7ba-4662-87b1-50b53656a4d9",,"[""Sketchup"",""AutoCAD""]",,"[""General"",""Landscape""]",,"wix:vector://v1/691d3d_8c642c235eb14c21b91e39bc1282fd19.svg/revit-logo.svg","wix:vector://v1/691d3d_61bbf406f3294fd0bc5b14766195875a.svg/ACADICON-COLOR.svg","wix:vector://v1/691d3d_fb861bf8ee104220aca36a9d052c4e50.svg/sketchup%20icon.svg","#C60000","wix:vector://v1/691d3d_d0c5c339b1024ed0ba47c7603f67dcd4.svg/Creative_Cloud.svg","wix:vector://v1/691d3d_59e78ce05dc040d89a2352f364e87bc1.svg/office-2.svg",2025-05-22T09:38:44Z,,"PUBLISHED"
"Curtain Creative Quarter - Container Gallery Concept ","CAD01X AutoCAD, SKP01X Sketchup","2015","[""DC Design"",""Place Laboratory""]","wix:image://v1/691d3d_4f2ed81d4343428a985bf6e1d3c6a441~mv2.jpg/CURTIN%20CREATIVE%20QUARTER%20-%20MISC%20DETAILS_Page_16.jpg#originWidth=3309&originHeight=2339","6917908c-165f-4b84-93bd-7edb4aa80d3d",2025-05-22T09:25:19Z,2025-11-20T16:15:10Z,"691d3d0b-d7ba-4662-87b1-50b53656a4d9",,"[""Sketchup"",""AutoCAD""]",,"[""General"",""Landscape""]",,"wix:vector://v1/691d3d_8c642c235eb14c21b91e39bc1282fd19.svg/revit-logo.svg","wix:vector://v1/691d3d_61bbf406f3294fd0bc5b14766195875a.svg/ACADICON-COLOR.svg","wix:vector://v1/691d3d_fb861bf8ee104220aca36a9d052c4e50.svg/sketchup%20icon.svg","#C60000","wix:vector://v1/691d3d_d0c5c339b1024ed0ba47c7603f67dcd4.svg/Creative_Cloud.svg","wix:vector://v1/691d3d_59e78ce05dc040d89a2352f364e87bc1.svg/office-2.svg",2025-05-22T09:42:01Z,,"PUBLISHED"
"Ampol (Caltex) Pump System Upgrades - Wyoming","CAD01X AutoCAD Project","2020-2021 ","[""Richmond+Ross""]","wix:image://v1/691d3d_10f34accedb54ba6b7885554f893c0f0~mv2.jpg/UPSS%20WYOMING(C)_Page_4.jpg#originWidth=3309&originHeight=2339","69e0ea69-8c13-4846-a38c-af97e51f6ada",2025-05-22T09:08:16Z,2025-11-20T16:15:10Z,"691d3d0b-d7ba-4662-87b1-50b53656a4d9",,"[""AutoCAD""]",,"[""Architecture"",""General""]",,"wix:vector://v1/691d3d_8c642c235eb14c21b91e39bc1282fd19.svg/revit-logo.svg","wix:vector://v1/691d3d_61bbf406f3294fd0bc5b14766195875a.svg/ACADICON-COLOR.svg","wix:vector://v1/691d3d_fb861bf8ee104220aca36a9d052c4e50.svg/sketchup%20icon.svg","#C60000","wix:vector://v1/691d3d_d0c5c339b1024ed0ba47c7603f67dcd4.svg/Creative_Cloud.svg","wix:vector://v1/691d3d_59e78ce05dc040d89a2352f364e87bc1.svg/office-2.svg",2025-05-22T09:42:19Z,,"PUBLISHED"
"Curtain Creative Quarter - Outdoor Study Pod Concept","CAD01X AutoCAD, SKP01X Sketchup","2015","[""DC Design"",""Place Laboratory""]","wix:image://v1/691d3d_b3ba1a6ca4b24a528f2adf72ed0d0e46~mv2.jpg/CURTIN%20CREATIVE%20QUARTER%20-%20MISC%20DETAILS_Page_13.jpg#originWidth=2339&originHeight=3309","6cd3a5f4-796a-4234-bab8-3cd505d49d9d",2025-05-22T09:28:08Z,2025-11-20T16:15:10Z,"691d3d0b-d7ba-4662-87b1-50b53656a4d9",,"[""Sketchup"",""AutoCAD""]",,"[""General"",""Landscape""]",,"wix:vector://v1/691d3d_8c642c235eb14c21b91e39bc1282fd19.svg/revit-logo.svg","wix:vector://v1/691d3d_61bbf406f3294fd0bc5b14766195875a.svg/ACADICON-COLOR.svg","wix:vector://v1/691d3d_fb861bf8ee104220aca36a9d052c4e50.svg/sketchup%20icon.svg","#C60000","wix:vector://v1/691d3d_d0c5c339b1024ed0ba47c7603f67dcd4.svg/Creative_Cloud.svg","wix:vector://v1/691d3d_59e78ce05dc040d89a2352f364e87bc1.svg/office-2.svg",2025-05-22T09:41:52Z,,"PUBLISHED"
"Curtain Creative Quarter - Container Gallery Concept","CAD01X AutoCAD, SKP01X Sketchup","2015","[""DC Design"",""Place Laboratory""]","wix:image://v1/691d3d_dee64e6f646d42d883e81fb92f3b03ae~mv2.jpg/PS3.jpg#originWidth=1766&originHeight=1241","6de9dc46-ab74-4292-b4c1-3ba448afe8c0",2025-05-22T09:21:52Z,2025-11-20T16:15:10Z,"691d3d0b-d7ba-4662-87b1-50b53656a4d9",,"[""Sketchup"",""AutoCAD""]",,"[""General"",""Landscape""]",,"wix:vector://v1/691d3d_8c642c235eb14c21b91e39bc1282fd19.svg/revit-logo.svg","wix:vector://v1/691d3d_61bbf406f3294fd0bc5b14766195875a.svg/ACADICON-COLOR.svg","wix:vector://v1/691d3d_fb861bf8ee104220aca36a9d052c4e50.svg/sketchup%20icon.svg","#C60000","wix:vector://v1/691d3d_d0c5c339b1024ed0ba47c7603f67dcd4.svg/Creative_Cloud.svg","wix:vector://v1/691d3d_59e78ce05dc040d89a2352f364e87bc1.svg/office-2.svg",2025-05-22T09:41:55Z,,"PUBLISHED"
"Ampol (Caltex) Pump System Upgrades - Wyoming","CAD01X AutoCAD Project","2020-2021 ","[""Richmond+Ross""]","wix:image://v1/691d3d_d3cde9562ef54088983990bf3126d73a~mv2.jpg/UPSS%20WYOMING(C)_Page_2.jpg#originWidth=6617&originHeight=4678","77478abf-2fb1-402c-b46d-3ef5fb2c7d01",2025-05-22T09:08:49Z,2025-11-20T16:15:10Z,"691d3d0b-d7ba-4662-87b1-50b53656a4d9",,"[""AutoCAD""]",,"[""Architecture"",""General""]",,"wix:vector://v1/691d3d_8c642c235eb14c21b91e39bc1282fd19.svg/revit-logo.svg","wix:vector://v1/691d3d_61bbf406f3294fd0bc5b14766195875a.svg/ACADICON-COLOR.svg","wix:vector://v1/691d3d_fb861bf8ee104220aca36a9d052c4e50.svg/sketchup%20icon.svg","#C60000","wix:vector://v1/691d3d_d0c5c339b1024ed0ba47c7603f67dcd4.svg/Creative_Cloud.svg","wix:vector://v1/691d3d_59e78ce05dc040d89a2352f364e87bc1.svg/office-2.svg",2025-05-22T09:42:17Z,,"PUBLISHED"
"Curtain Creative Quarter - Canopy Concept ","CAD01X AutoCAD, SKP01X Sketchup","2015-2016","[""DC Design"",""Place Laboratory""]","wix:image://v1/691d3d_09b1bb6c30824dff8abc7267f7591c39~mv2.png/3D%20View%204D.png#originWidth=1736&originHeight=1011","80a7bb4a-5f2c-4745-a681-b774798c2987",2025-05-22T09:21:59Z,2025-11-20T16:15:10Z,"691d3d0b-d7ba-4662-87b1-50b53656a4d9",,"[""Sketchup"",""AutoCAD""]",,"[""General"",""Landscape""]",,"wix:vector://v1/691d3d_8c642c235eb14c21b91e39bc1282fd19.svg/revit-logo.svg","wix:vector://v1/691d3d_61bbf406f3294fd0bc5b14766195875a.svg/ACADICON-COLOR.svg","wix:vector://v1/691d3d_fb861bf8ee104220aca36a9d052c4e50.svg/sketchup%20icon.svg","#008BFD","wix:vector://v1/691d3d_d0c5c339b1024ed0ba47c7603f67dcd4.svg/Creative_Cloud.svg","wix:vector://v1/691d3d_59e78ce05dc040d89a2352f364e87bc1.svg/office-2.svg",2025-05-22T09:42:03Z,,"PUBLISHED"
"Ampol Highway Service Centre Redevelopment, Eastern Creek NSW","BIM01X Revit, CAD01X AutoCAD","2020-2021 ","[""Richmond+Ross""]","wix:image://v1/691d3d_0d555aa0625243d3848e5bfed39a0c85~mv2.png/007.PNG#originWidth=1443&originHeight=721","8849886b-baee-42c4-adca-26d8bf5432e6",2025-05-08T16:45:23Z,2025-11-20T16:15:10Z,"691d3d0b-d7ba-4662-87b1-50b53656a4d9",,"[""Revit""]",,"[""Architecture"",""General""]",,"wix:vector://v1/691d3d_8c642c235eb14c21b91e39bc1282fd19.svg/revit-logo.svg","wix:vector://v1/691d3d_61bbf406f3294fd0bc5b14766195875a.svg/ACADICON-COLOR.svg","wix:vector://v1/691d3d_fb861bf8ee104220aca36a9d052c4e50.svg/sketchup%20icon.svg","#000AC8","wix:vector://v1/691d3d_d0c5c339b1024ed0ba47c7603f67dcd4.svg/Creative_Cloud.svg","wix:vector://v1/691d3d_59e78ce05dc040d89a2352f364e87bc1.svg/office-2.svg",2025-05-22T09:38:03Z,,"PUBLISHED"
"Cue Roadhouse Traffic Management","CAD01X AutoCAD Project","2016","[""DC Design""]","wix:image://v1/691d3d_f301c2b838674570b15ecdb450572381~mv2.jpg/17402-GA001_B.jpg#originWidth=3309&originHeight=2339","8e28d926-4eb6-4020-aabd-7b4bd19527b1",2025-05-22T09:10:06Z,2025-11-20T16:15:10Z,"691d3d0b-d7ba-4662-87b1-50b53656a4d9",,"[""AutoCAD""]",,"[""General"",""Urban Planning""]",,"wix:vector://v1/691d3d_8c642c235eb14c21b91e39bc1282fd19.svg/revit-logo.svg","wix:vector://v1/691d3d_61bbf406f3294fd0bc5b14766195875a.svg/ACADICON-COLOR.svg","wix:vector://v1/691d3d_fb861bf8ee104220aca36a9d052c4e50.svg/sketchup%20icon.svg","#C60000","wix:vector://v1/691d3d_d0c5c339b1024ed0ba47c7603f67dcd4.svg/Creative_Cloud.svg","wix:vector://v1/691d3d_59e78ce05dc040d89a2352f364e87bc1.svg/office-2.svg",2025-05-22T09:38:05Z,,"PUBLISHED"
"Ampol Highway Service Centre Redevelopment, Pheasants Nest NSW","BIM01X Revit, CAD01X AutoCAD","2020-2021 ","[""Richmond+Ross""]","wix:image://v1/691d3d_df4b9519486e49d297a5d92fb8b094f3~mv2.jpg/PNN_AR_DA_Page_17.jpg#originWidth=16225&originHeight=11461","9e7dbe6d-55af-4380-a741-e1d6d747e0ca",2025-06-06T14:13:56Z,2025-11-20T16:15:10Z,"691d3d0b-d7ba-4662-87b1-50b53656a4d9",,"[""Revit""]",,"[""Architecture"",""General""]","[""ab9663e7-566d-44c0-8a3d-56c64e86b234"",""d49997cf-e89f-4cad-ab3c-b486c2724bb9""]","wix:vector://v1/691d3d_8c642c235eb14c21b91e39bc1282fd19.svg/revit-logo.svg","wix:vector://v1/691d3d_61bbf406f3294fd0bc5b14766195875a.svg/ACADICON-COLOR.svg","wix:vector://v1/691d3d_fb861bf8ee104220aca36a9d052c4e50.svg/sketchup%20icon.svg","#000AC8","wix:vector://v1/691d3d_d0c5c339b1024ed0ba47c7603f67dcd4.svg/Creative_Cloud.svg","wix:vector://v1/691d3d_59e78ce05dc040d89a2352f364e87bc1.svg/office-2.svg",,,"PUBLISHED"
"Ampol (Caltex) Pump System Upgrades - North Richmond","CAD01X AutoCAD Project","2020-2021 ","[""Richmond+Ross""]","wix:image://v1/691d3d_9b92266c4b66433183c51c54774bffbb~mv2.jpg/UPSS%20NORTH%20RICHMOND(C)_Page_1.jpg#originWidth=2482&originHeight=1755","a00c023e-9373-4b05-8524-3c0bb9823003",2025-05-22T09:06:40Z,2025-11-20T16:15:10Z,"691d3d0b-d7ba-4662-87b1-50b53656a4d9",,"[""AutoCAD""]",,"[""Architecture"",""General""]",,"wix:vector://v1/691d3d_8c642c235eb14c21b91e39bc1282fd19.svg/revit-logo.svg","wix:vector://v1/691d3d_61bbf406f3294fd0bc5b14766195875a.svg/ACADICON-COLOR.svg","wix:vector://v1/691d3d_fb861bf8ee104220aca36a9d052c4e50.svg/sketchup%20icon.svg","#C60000","wix:vector://v1/691d3d_d0c5c339b1024ed0ba47c7603f67dcd4.svg/Creative_Cloud.svg","wix:vector://v1/691d3d_59e78ce05dc040d89a2352f364e87bc1.svg/office-2.svg",2025-05-22T09:42:21Z,,"PUBLISHED"
"Curtain Creative Quarter - Canopy Concept ","CAD01X AutoCAD, SKP01X Sketchup","2015-2016","[""DC Design"",""Place Laboratory""]","wix:image://v1/691d3d_263ee60e52ea4c81b1a1348babdfec61~mv2.jpg/CURTIN%20CREATIVE%20QUARTER%20-%20MISC%20DETAILS_Page_11.jpg#originWidth=4678&originHeight=6617","a06a74d9-0155-4d51-beb1-ce14f2f33eea",2025-05-22T09:23:53Z,2025-11-20T16:15:10Z,"691d3d0b-d7ba-4662-87b1-50b53656a4d9",,"[""Sketchup"",""AutoCAD""]",,"[""General"",""Landscape""]",,"wix:vector://v1/691d3d_8c642c235eb14c21b91e39bc1282fd19.svg/revit-logo.svg","wix:vector://v1/691d3d_61bbf406f3294fd0bc5b14766195875a.svg/ACADICON-COLOR.svg","wix:vector://v1/691d3d_fb861bf8ee104220aca36a9d052c4e50.svg/sketchup%20icon.svg","#008BFD","wix:vector://v1/691d3d_d0c5c339b1024ed0ba47c7603f67dcd4.svg/Creative_Cloud.svg","wix:vector://v1/691d3d_59e78ce05dc040d89a2352f364e87bc1.svg/office-2.svg",2025-05-22T09:42:06Z,,"PUBLISHED"
"Ampol Highway Service Centre Redevelopment, Pheasants Nest NSW","BIM01X Revit, CAD01X AutoCAD","2020-2021 ","[""Richmond+Ross""]","wix:image://v1/691d3d_6866d4bc55454795b0a05463021cab9b~mv2.jpg/PNN_AR_DA_Page_21.jpg#originWidth=16225&originHeight=11461","a26b9221-4c97-4a84-97f9-23873f9f2d0b",2025-06-06T14:12:37Z,2025-11-20T16:15:10Z,"691d3d0b-d7ba-4662-87b1-50b53656a4d9",,"[""Revit""]",,"[""Architecture"",""General""]","[""ab9663e7-566d-44c0-8a3d-56c64e86b234"",""d49997cf-e89f-4cad-ab3c-b486c2724bb9""]","wix:vector://v1/691d3d_8c642c235eb14c21b91e39bc1282fd19.svg/revit-logo.svg","wix:vector://v1/691d3d_61bbf406f3294fd0bc5b14766195875a.svg/ACADICON-COLOR.svg","wix:vector://v1/691d3d_fb861bf8ee104220aca36a9d052c4e50.svg/sketchup%20icon.svg","#000AC8","wix:vector://v1/691d3d_d0c5c339b1024ed0ba47c7603f67dcd4.svg/Creative_Cloud.svg","wix:vector://v1/691d3d_59e78ce05dc040d89a2352f364e87bc1.svg/office-2.svg",,,"PUBLISHED"
"Ampol Highway Service Centre Redevelopment, Eastern Creek NSW","BIM01X Revit, CAD01X AutoCAD","2020-2021 ","[""Richmond+Ross""]","wix:image://v1/691d3d_f81c4eaebae84f3d9edf8d8c19c9f5fd~mv2.png/010.PNG#originWidth=1331&originHeight=703","afa55ba9-560d-4742-ac35-4e9722fdf8f1",2025-05-08T15:05:43Z,2025-11-20T16:15:10Z,"691d3d0b-d7ba-4662-87b1-50b53656a4d9",,"[""Revit""]","{""nodes"":[{""type"":""PARAGRAPH"",""id"":""91uss5236"",""nodes"":[],""paragraphData"":{}},{""type"":""PARAGRAPH"",""id"":""lb7k55237"",""nodes"":[],""paragraphData"":{}}],""documentStyle"":{}}","[""Architecture"",""General""]","[""ab9663e7-566d-44c0-8a3d-56c64e86b234"",""d49997cf-e89f-4cad-ab3c-b486c2724bb9""]","wix:vector://v1/691d3d_8c642c235eb14c21b91e39bc1282fd19.svg/revit-logo.svg","wix:vector://v1/691d3d_61bbf406f3294fd0bc5b14766195875a.svg/ACADICON-COLOR.svg","wix:vector://v1/691d3d_fb861bf8ee104220aca36a9d052c4e50.svg/sketchup%20icon.svg","#000AC8","wix:vector://v1/691d3d_d0c5c339b1024ed0ba47c7603f67dcd4.svg/Creative_Cloud.svg","wix:vector://v1/691d3d_59e78ce05dc040d89a2352f364e87bc1.svg/office-2.svg",,,"PUBLISHED"
"Ampol (Caltex) Pump System Upgrades - North Richmond","CAD01X AutoCAD Project","2020-2021 ","[""Richmond+Ross""]","wix:image://v1/691d3d_86a2a0efcdf745fdbb3fe9d62eb3e132~mv2.jpg/UPSS%20NORTH%20RICHMOND(C)_Page_3.jpg#originWidth=3309&originHeight=2339","b165f9a1-5fec-4422-9b62-9b786e948c7e",2025-05-08T18:57:03Z,2025-11-20T16:15:10Z,"691d3d0b-d7ba-4662-87b1-50b53656a4d9",,"[""AutoCAD""]",,"[""Architecture"",""General""]",,"wix:vector://v1/691d3d_8c642c235eb14c21b91e39bc1282fd19.svg/revit-logo.svg","wix:vector://v1/691d3d_61bbf406f3294fd0bc5b14766195875a.svg/ACADICON-COLOR.svg","wix:vector://v1/691d3d_fb861bf8ee104220aca36a9d052c4e50.svg/sketchup%20icon.svg","#C60000","wix:vector://v1/691d3d_d0c5c339b1024ed0ba47c7603f67dcd4.svg/Creative_Cloud.svg","wix:vector://v1/691d3d_59e78ce05dc040d89a2352f364e87bc1.svg/office-2.svg",2025-05-22T09:42:24Z,,"PUBLISHED"
"Ampol (Caltex) Pump System Upgrades - North Richmond","CAD01X AutoCAD Project","2020-2021 ","[""Richmond+Ross""]","wix:image://v1/691d3d_e8cd867a8dc849a4b6048d2fd58d036d~mv2.jpg/UPSS%20NORTH%20RICHMOND(C)_Page_2.jpg#originWidth=3309&originHeight=2339","b3faad5a-8902-4b3d-a210-2a88abfe82fe",2025-05-22T09:06:38Z,2025-11-20T16:15:10Z,"691d3d0b-d7ba-4662-87b1-50b53656a4d9",,"[""AutoCAD""]",,"[""Architecture"",""General""]",,"wix:vector://v1/691d3d_8c642c235eb14c21b91e39bc1282fd19.svg/revit-logo.svg","wix:vector://v1/691d3d_61bbf406f3294fd0bc5b14766195875a.svg/ACADICON-COLOR.svg","wix:vector://v1/691d3d_fb861bf8ee104220aca36a9d052c4e50.svg/sketchup%20icon.svg","#C60000","wix:vector://v1/691d3d_d0c5c339b1024ed0ba47c7603f67dcd4.svg/Creative_Cloud.svg","wix:vector://v1/691d3d_59e78ce05dc040d89a2352f364e87bc1.svg/office-2.svg",2025-05-22T09:42:23Z,,"PUBLISHED"
"Ampol Highway Service Centre Redevelopment, Eastern Creek NSW","BIM01X Revit, CAD01X AutoCAD","2020-2021 ","[""Richmond+Ross""]","wix:image://v1/691d3d_8f51d2fe084f4d678906a4e1f732f5e4~mv2.png/008.PNG#originWidth=1364&originHeight=730","ba2f9483-e3d2-4e9e-bf55-43267a8990f2",2025-05-08T16:39:23Z,2025-11-20T16:15:10Z,"691d3d0b-d7ba-4662-87b1-50b53656a4d9",,"[""Revit""]",,"[""Architecture"",""General""]",,"wix:vector://v1/691d3d_8c642c235eb14c21b91e39bc1282fd19.svg/revit-logo.svg","wix:vector://v1/691d3d_61bbf406f3294fd0bc5b14766195875a.svg/ACADICON-COLOR.svg","wix:vector://v1/691d3d_fb861bf8ee104220aca36a9d052c4e50.svg/sketchup%20icon.svg","#000AC8","wix:vector://v1/691d3d_d0c5c339b1024ed0ba47c7603f67dcd4.svg/Creative_Cloud.svg","wix:vector://v1/691d3d_59e78ce05dc040d89a2352f364e87bc1.svg/office-2.svg",,,"PUBLISHED"
"Curtain Creative Quarter - Outdoor Study Pod Concept","CAD01X AutoCAD, SKP01X Sketchup","2015","[""DC Design"",""Place Laboratory""]","wix:image://v1/691d3d_8f640a60f3db4e96858826560825fe24~mv2.png/PODAX1B.png#originWidth=1533&originHeight=903","d563af4f-f221-4add-91e6-9b8804827ee8",2025-05-22T09:20:09Z,2025-11-20T16:15:10Z,"691d3d0b-d7ba-4662-87b1-50b53656a4d9",,"[""Sketchup"",""AutoCAD""]",,"[""General"",""Landscape""]",,"wix:vector://v1/691d3d_8c642c235eb14c21b91e39bc1282fd19.svg/revit-logo.svg","wix:vector://v1/691d3d_61bbf406f3294fd0bc5b14766195875a.svg/ACADICON-COLOR.svg","wix:vector://v1/691d3d_fb861bf8ee104220aca36a9d052c4e50.svg/sketchup%20icon.svg","#C60000","wix:vector://v1/691d3d_d0c5c339b1024ed0ba47c7603f67dcd4.svg/Creative_Cloud.svg","wix:vector://v1/691d3d_59e78ce05dc040d89a2352f364e87bc1.svg/office-2.svg",2025-05-22T09:41:50Z,,"PUBLISHED"
"Curtain Creative Quarter - Outdoor Study Pod Concept","CAD01X AutoCAD, SKP01X Sketchup","2015","[""DC Design"",""Place Laboratory""]","wix:image://v1/691d3d_ad98a960a0504592b80a694b5f85c53b~mv2.png/PODAX2B.png#originWidth=1533&originHeight=903","de63a2eb-5e69-497c-90f9-185be477a369",2025-05-22T09:19:53Z,2025-11-20T16:15:10Z,"691d3d0b-d7ba-4662-87b1-50b53656a4d9",,"[""Sketchup"",""AutoCAD""]",,"[""General"",""Landscape""]",,"wix:vector://v1/691d3d_8c642c235eb14c21b91e39bc1282fd19.svg/revit-logo.svg","wix:vector://v1/691d3d_61bbf406f3294fd0bc5b14766195875a.svg/ACADICON-COLOR.svg","wix:vector://v1/691d3d_fb861bf8ee104220aca36a9d052c4e50.svg/sketchup%20icon.svg","#C60000","wix:vector://v1/691d3d_d0c5c339b1024ed0ba47c7603f67dcd4.svg/Creative_Cloud.svg","wix:vector://v1/691d3d_59e78ce05dc040d89a2352f364e87bc1.svg/office-2.svg",2025-05-22T09:38:46Z,,"PUBLISHED"
"Curtain Creative Quarter - Canopy Concept ","CAD01X AutoCAD, SKP01X Sketchup","2015-2016","[""DC Design"",""Place Laboratory""]","wix:image://v1/691d3d_7663bb833f8c4c4ca94036635530e5c4~mv2.jpg/CURTIN%20CREATIVE%20QUARTER%20-%20MISC%20DETAILS_Page_12.jpg#originWidth=3309&originHeight=2339","eb61d136-aba7-4fcc-a987-36a083d01699",2025-05-22T09:26:37Z,2025-11-20T16:15:10Z,"691d3d0b-d7ba-4662-87b1-50b53656a4d9",,"[""Sketchup"",""AutoCAD""]",,"[""General"",""Landscape""]",,"wix:vector://v1/691d3d_8c642c235eb14c21b91e39bc1282fd19.svg/revit-logo.svg","wix:vector://v1/691d3d_61bbf406f3294fd0bc5b14766195875a.svg/ACADICON-COLOR.svg","wix:vector://v1/691d3d_fb861bf8ee104220aca36a9d052c4e50.svg/sketchup%20icon.svg","#008BFD","wix:vector://v1/691d3d_d0c5c339b1024ed0ba47c7603f67dcd4.svg/Creative_Cloud.svg","wix:vector://v1/691d3d_59e78ce05dc040d89a2352f364e87bc1.svg/office-2.svg",2025-05-22T09:42:08Z,,"PUBLISHED"
"Curtain Creative Quarter - Canopy Concept ","CAD01X AutoCAD, SKP01X Sketchup","2015-2016","[""DC Design"",""Place Laboratory""]","wix:image://v1/691d3d_e4df1f83b4534228a55ef006fbaccb59~mv2.png/3D%20View%204B.png#originWidth=1736&originHeight=1011","f27db017-bab2-45b3-ab13-3dcfb30ac965",2025-05-22T09:23:20Z,2025-11-20T16:15:10Z,"691d3d0b-d7ba-4662-87b1-50b53656a4d9",,"[""Sketchup"",""AutoCAD""]",,"[""General"",""Landscape""]",,"wix:vector://v1/691d3d_8c642c235eb14c21b91e39bc1282fd19.svg/revit-logo.svg","wix:vector://v1/691d3d_61bbf406f3294fd0bc5b14766195875a.svg/ACADICON-COLOR.svg","wix:vector://v1/691d3d_fb861bf8ee104220aca36a9d052c4e50.svg/sketchup%20icon.svg","#008BFD","wix:vector://v1/691d3d_d0c5c339b1024ed0ba47c7603f67dcd4.svg/Creative_Cloud.svg","wix:vector://v1/691d3d_59e78ce05dc040d89a2352f364e87bc1.svg/office-2.svg",2025-05-22T09:42:04Z,,"PUBLISHED"
