"ID","Created Date","Updated Date","Owner","Item Number","GlobalSortOrder","Item Heading","Item Body","LastRevised","TagFilters","Publish Date","Unpublish Date","Status"
"02896fb0-f8a1-4b4a-ab2f-c83979469319",2025-09-30T01:11:31Z,2025-09-30T04:34:08Z,"691d3d0b-d7ba-4662-87b1-50b53656a4d9","11)",12,"Third-Party Services","We integrate payment providers, fulfilment partners (e.g., Printful), analytics, and embeds. Their terms and privacy practices apply when you use those services.
We embed a Discord server widget that can display basic live server details such as who’s online (members’ display names, avatars, and online status), along with server name/icon and an invite/join action. This content is provided directly by Discord and may change based on Discord’s features and your Discord privacy settings. We don’t control the availability or data shown by Discord. Use of the widget is also governed by Discord’s terms and privacy policy.","2025-09-30","[""TERMS""]",,,"PUBLISHED"
"08ab35e5-c281-4f0b-8ad8-53814ac49be2",2025-09-30T01:11:31Z,2025-09-30T04:34:29Z,"691d3d0b-d7ba-4662-87b1-50b53656a4d9","17)",17,"Changes to These Terms","We may update these Terms by posting a notice on the site with a new “Last updated” date. Continued use constitutes acceptance.","2025-09-30","[""TERMS""]",,,"PUBLISHED"
"0adea8a6-ffd7-473d-a088-b85945742f6d",2025-09-30T01:11:31Z,2025-09-30T04:35:10Z,"691d3d0b-d7ba-4662-87b1-50b53656a4d9","1)",20,"Overview","This Privacy Policy explains how Daniel Clancy Official™ (a product of Brainstream Media Group™) (based in Sydney, NSW, Australia) collects, uses, and safeguards personal information in connection with our podcasts, community features, memberships, and store.","2025-09-30","[""PRIVACY""]",,,"PUBLISHED"
"153bd5fe-79f5-4a8d-b9ba-504c29cfd2be",2025-09-30T01:11:31Z,2025-09-30T04:41:48Z,"691d3d0b-d7ba-4662-87b1-50b53656a4d9","2)",40,"Standards & Measures","We aim to meet WCAG 2.2 Level AA where feasible and continuously improve. Measures include: ● Clear page structure and headings
● Keyboard-navigable interfaces and focus order
● Alt text for informative images
● Sufficient color contrast
● Reduced motion preferences honored where possible
● Captions/transcripts for media where feasible
● Descriptive links and labels
● Error feedback and form labels We use the platform’s accessibility tools and periodic audits to find and fix issues.","2025-09-30","[""ACCESS""]",,,"PUBLISHED"
"2a386146-8beb-4bcd-b009-26327b3f040e",2025-09-30T01:11:31Z,2025-09-30T04:28:43Z,"691d3d0b-d7ba-4662-87b1-50b53656a4d9","5)",5,"Payments, Pricing & Taxes","We accept major payment methods supported by our platform and connected providers, which may include credit/debit cards, PayPal & Stripe. Where available, in-person payments may be processed via Wix POS hardware/software, and online payments via Wix Payments or other connected providers. Availability depends on region and provider approval. Displayed prices may exclude taxes, duties, or shipping until checkout. You’re responsible for any applicable taxes/fees in your jurisdiction.","2025-09-30","[""TERMS""]",,,"PUBLISHED"
"2df7e9b5-3bcd-43ee-8fc1-81d36c1af8bc",2025-09-30T01:11:31Z,2025-09-30T08:13:41Z,"691d3d0b-d7ba-4662-87b1-50b53656a4d9","18)",18,"Governing Law & Venue","These Terms are governed by the laws and courts of the State of New South Wales, Australia.","2025-09-30","[""TERMS""]",,,"PUBLISHED"
"314c2e4f-ea9e-438e-a891-454c03e8c810",2025-09-30T01:11:31Z,2025-09-30T04:41:52Z,"691d3d0b-d7ba-4662-87b1-50b53656a4d9","5)",43,"Feedback & Contact","If you encounter an accessibility barrier, need an alternative format, or have suggestions, please email support@Daniel Clancy Official™ (a product of Brainstream Media Group™).com. Please include the page URL and a brief description of the issue. We aim to respond within 5 business days.","2025-09-30","[""ACCESS""]",,,"PUBLISHED"
"33b592a2-fcd6-48ab-bed4-66b928338947",2025-09-30T01:11:31Z,2025-09-30T04:41:40Z,"691d3d0b-d7ba-4662-87b1-50b53656a4d9","5)",37,"In-Person & Online Payments","Payments may be processed online (e.g., Wix Payments/PayPal) or in-person via Wix POS hardware/software where available. Refund eligibility and processing times can vary by payment method and region.","2025-09-30","[""REFUNDS""]",,,"PUBLISHED"
"35f716d3-717e-4b71-8e53-16a967f8f773",2025-09-30T01:11:31Z,2025-09-30T04:42:10Z,"691d3d0b-d7ba-4662-87b1-50b53656a4d9","2)",34,"Merchandise (Print-On-Demand)","Most items are produced on demand by our fulfilment partner (e.g., Printful).
Order issues on arrival: If your order arrives damaged, misprinted, defective, or incorrect, contact support@Daniel Clancy Official™ (a product of Brainstream Media Group™).com within 30 days of delivery with photos and your order number. We’ll arrange a replacement or refund.
Size/fit or change-of-mind: Because products are made to order, we generally cannot accept returns or exchanges for size/fit or buyer’s remorse. Please check size charts carefully before ordering.
Return process: If a return is approved, we’ll provide instructions. Unauthorized returns may not be accepted.
Shipping costs: Original shipping is non-refundable unless the item was defective/incorrect.","2025-09-30","[""REFUNDS""]",,,"PUBLISHED"
"442d0d08-b65e-4397-a8de-25636db58da1",2025-09-30T01:11:31Z,2025-09-30T04:35:15Z,"691d3d0b-d7ba-4662-87b1-50b53656a4d9","3)",22,"How We Use, Process, and Share Information","● Provide and improve the site, memberships, and store.
● Process orders and subscriptions, handle customer support, and send service notices.
● Personalize your experience and moderate community features.
● Comply with law, security, and fraud prevention.
● We use data to provide and improve the site, process orders/memberships, personalize content, and ensure security. We share limited data with service providers (e.g., payment processors, fulfillment, hosting, analytics) under appropriate safeguards. We do not sell personal information. You can contact us to exercise applicable privacy rights.","2025-09-30","[""PRIVACY""]",,,"PUBLISHED"
"480659b3-fb52-4134-a93d-290e1387f8c8",2025-09-30T01:11:31Z,2025-09-30T04:41:28Z,"691d3d0b-d7ba-4662-87b1-50b53656a4d9","3)",35,"Digital Content & VIP Memberships","● Digital downloads/streams: All sales are final once access is granted, except where required by law.
● Memberships (recurring): You can cancel anytime; access continues through the paid-through date. We do not issue prorated refunds for the remaining period after cancellation unless required by law or if we materially fail to deliver the core membership features for the current term.
● Service disruptions: We may credit or extend access at our discretion for significant unplanned outages.","2025-09-30","[""REFUNDS""]",,,"PUBLISHED"
"4bf0d269-5eaa-43d3-91bd-c1bc40b2928d",2025-09-30T01:11:31Z,2025-09-30T04:34:34Z,"691d3d0b-d7ba-4662-87b1-50b53656a4d9","19)",19,"Contact","● Support: support@danielclancy.net
● Webmaster: webmaster@brainstream.media
● General inquiries: info@danielclancy.net","2025-09-30","[""TERMS""]",,,"PUBLISHED"
"5413d197-353d-49f5-8dcf-7b158a934dec",2025-09-30T01:11:31Z,2025-09-30T04:35:17Z,"691d3d0b-d7ba-4662-87b1-50b53656a4d9","5)",24,"Data Retention","Account and transaction data is retained for the period necessary to provide services and meet legal obligations (e.g., tax). API-sourced livestreaming data is ephemeral and not archived.","2025-09-30","[""PRIVACY""]",,,"PUBLISHED"
"55a0ea0a-544c-4334-977e-efe9acbb2fd9",2025-09-30T01:11:31Z,2025-09-30T04:35:16Z,"691d3d0b-d7ba-4662-87b1-50b53656a4d9","4)",23,"Payments & Providers","Depending on your region and our configuration, online payments may be processed via Wix Payments and/or PayPal; in-person payments (where offered) may be processed via Wix POS. Available methods typically include major cards and may include wallets or PayPal depending on region/provider. We do not sell your personal information.","2025-09-30","[""PRIVACY""]",,,"PUBLISHED"
"588746db-9daa-4a22-a036-b6a2e70d0214",2025-09-30T01:11:31Z,2025-09-30T04:35:19Z,"691d3d0b-d7ba-4662-87b1-50b53656a4d9","6)",25,"Cookies & Tracking","We use strictly necessary cookies and, with consent, analytics/marketing cookies. Consent can be withdrawn via the banner settings. Some third-party widgets may set their own cookies subject to their policies. Embedded services (e.g., Discord) may use their own cookies or similar technologies to function; your consent choices apply to non-essential third-party cookies, but Discord’s processing is governed by its own policies.","2025-09-30","[""PRIVACY""]",,,"PUBLISHED"
"5abc03cf-d1ff-4ecb-997e-9e9ff214e674",2025-09-30T01:11:31Z,2025-09-30T04:34:29Z,"691d3d0b-d7ba-4662-87b1-50b53656a4d9","16)",16,"Indemnity","You agree to defend, indemnify, and hold us harmless from claims arising out of your User Content, misuse of the site, or violation of these Terms or laws.","2025-09-30","[""TERMS""]",,,"PUBLISHED"
"7502b61b-7f26-4f5c-82dc-583056fc871a",2025-09-30T01:11:31Z,2025-09-30T04:38:03Z,"691d3d0b-d7ba-4662-87b1-50b53656a4d9","11)",32,"Contact","● Privacy inquiries: privacy@danielclancy.net
● Support inquiries: support@danielclancy.net
● General inquiries: info@brainstream.media
● Webmaster: webmaster@brainstream.media","2025-09-30","[""PRIVACY""]",,,"PUBLISHED"
"76b6542e-0c99-4b40-875b-d788aac26465",2025-09-30T01:11:31Z,2025-09-30T04:38:20Z,"691d3d0b-d7ba-4662-87b1-50b53656a4d9","1)",33,"Overview","This policy explains how refunds, returns, and cancellations work for Daniel Clancy Official™ (a product of Brainstream Media Group™) merchandise and digital/VIP offerings. Nothing here limits non-waivable consumer rights under applicable Ontario or Australian law (Copyright Act 1968 (Cth)).
Daniel Clancy Official™ (a product of Brainstream Media Group™) and Daniel Clancy Official™ (a product of Brainstream Media Group™) are trademarks of Shawn and Gina, respectively.","2025-09-30","[""REFUNDS""]",,,"PUBLISHED"
"7a22ac1d-448e-443a-87d7-2bc2c45cfee8",2025-09-30T01:11:31Z,2025-09-30T04:39:44Z,"691d3d0b-d7ba-4662-87b1-50b53656a4d9","8)",29,"Security","We implement administrative, technical, and physical safeguards. Payment data is handled by PCI-compliant processors (e.g., Wix Payments/PayPal). We do not store full card numbers. The Discord widget is purely an embed; we do not store Discord widget display data.","2025-09-30","[""PRIVACY""]",,,"PUBLISHED"
"7fe1bcc6-b954-4359-8bc2-5cb3d6871354",2025-09-30T01:11:31Z,2025-09-30T04:28:43Z,"691d3d0b-d7ba-4662-87b1-50b53656a4d9","8)",8,"User Content & Community Rules","You retain rights to content you submit (“User Content”), but grant us a worldwide, non-exclusive, royalty-free license to host, store, display, and share it on the site and our social channels solely to operate and promote Daniel Clancy Official™ (a product of Brainstream Media Group™).
You agree not to post anything unlawful, infringing, defamatory, harassing, hateful, or that violates privacy, IP, or platform rules. We may moderate, remove, or restrict content or accounts at our discretion.","2025-09-30","[""TERMS""]",,,"PUBLISHED"
"82f7d9a2-2b6c-4950-bfd3-23e478545550",2025-09-30T04:30:07Z,2025-09-30T04:37:07Z,"691d3d0b-d7ba-4662-87b1-50b53656a4d9","8)",27,"Google Privacy Policy","For information on how Google handles data, please review the Google Privacy Policy: (http://www.google.com/policies/privacy).","2025-09-30","[""PRIVACY""]",2025-09-30T04:30:06Z,,"PUBLISHED"
"8a9a1098-b1c3-4b61-bc19-6671cc1d0509",2025-09-30T01:11:31Z,2025-09-30T08:01:22Z,"691d3d0b-d7ba-4662-87b1-50b53656a4d9","1)",39,"Intro (Not Mapped)","We are committed to making Daniel Clancy Official™ accessible to people with disabilities. Our goal is for all visitors to browse, engage with content, purchase items, and participate in community features with comparable ease and enjoyment.

Daniel Clancy Official™ is a product of Brainstream Media Group™.
Daniel Clancy Official™ is a trademark owned by Daniel Clancy.","2025-09-30","[""ACCESS INTRO""]",,,"PUBLISHED"
"8c9179ef-aef5-4d1a-ac5c-c497b1a73d82",2025-09-30T01:11:31Z,2025-09-30T04:37:30Z,"691d3d0b-d7ba-4662-87b1-50b53656a4d9","9)",30,"Children","Our services are not directed to children under the age where parental consent is required. Do not create an account or make purchases if you are under that age.","2025-09-30","[""PRIVACY""]",,,"PUBLISHED"
"99532d26-17fb-4638-8e5b-cd219c6dc404",2025-09-30T01:11:31Z,2025-09-30T04:34:29Z,"691d3d0b-d7ba-4662-87b1-50b53656a4d9","13)",13,"Prohibited Use","You agree not to: (a) breach laws or rights, (b) attempt to access non-public areas, (c) interfere with security or operation, (d) use scraping that burdens the service, or (e) circumvent paywalls or DRM (Digital Rights Management).","2025-09-30","[""TERMS""]",,,"PUBLISHED"
"a342d62f-3268-4965-8f01-afe8b01228bd",2025-09-30T01:11:31Z,2025-09-30T04:28:43Z,"691d3d0b-d7ba-4662-87b1-50b53656a4d9","3)",3,"Eligibility & Accounts","You must be at least the age of majority in your place of residence to purchase paid offerings. You’re responsible for your login credentials and all activity under your account. We may suspend or terminate accounts for suspected abuse, infringement, payment issues, or safety concerns.","2025-09-30","[""TERMS""]",,,"PUBLISHED"
"a97759e0-ef5f-414a-b8a0-4cbb6bdbad45",2025-09-30T04:32:16Z,2025-09-30T04:34:12Z,"691d3d0b-d7ba-4662-87b1-50b53656a4d9","12)",11,"Use of YouTube Services","By using features on this site that rely on YouTube API Services, you agree to be bound by the YouTube Terms of Service (https://www.youtube.com/t/terms) in addition to our Terms & Conditions. Your use of YouTube is also subject to the Google Privacy Policy (http://www.google.com/policies/privacy).","2025-09-30","[""TERMS""]",2025-09-30T04:30:06Z,,"PUBLISHED"
"ae4075d2-0996-402f-a721-815436fdbed0",2025-09-30T01:11:31Z,2025-09-30T04:37:25Z,"691d3d0b-d7ba-4662-87b1-50b53656a4d9","7)",28,"Sharing","We share data with:
● Payment processors (to complete transactions)
● Fulfilment/logistics partners (to ship orders)
● Platform providers (Wix) and analytics vendors
● Professional advisors and authorities where required by law
● Discord (embedded widget). When the widget loads, Discord may process limited data to render the widget (e.g., usernames, avatars, presence) under Discord’s privacy policy and data controls. We do not ingest the widget’s display data into our systems.","2025-09-30","[""PRIVACY""]",,,"PUBLISHED"
"ae9be7cc-6979-4143-86cd-525d6fbacdbc",2025-09-30T01:11:31Z,2025-09-30T04:41:43Z,"691d3d0b-d7ba-4662-87b1-50b53656a4d9","6)",38,"Request Support or a Refund","Email support@danielclancy.net with: ● Order number
● Item(s) and issue description
● Photos (for defective/damaged items) We’ll confirm next steps. Approved refunds are issued to the original payment method; processing times depend on your provider.","2025-09-30","[""REFUNDS""]",,,"PUBLISHED"
"b054da07-dae3-4feb-b667-641c9fd601ad",2025-09-30T01:11:31Z,2025-09-30T04:28:43Z,"691d3d0b-d7ba-4662-87b1-50b53656a4d9","9)",9,"Intellectual Property","All site content (excluding User Content) is owned by us or our licensors and protected by copyright, trademark, and other intellectual property laws of Australia and internationally.
Daniel Clancy Official™ (a product of Brainstream Media Group™) and Daniel Clancy Official™ (a product of Brainstream Media Group™) are registered or common law trademarks of Shawn and Gina, respectively. All associated logos, graphics, merchandise designs, and brand identifiers are protected intellectual property.
You may not copy, reproduce, distribute, display, modify, or create derivative works from this content without prior written consent, except as permitted under fair dealing provisions of Australian law (Copyright Act 1968 (Cth)). Unauthorized use of trademarks or content may result in legal action.","2025-09-30","[""TERMS""]",,,"PUBLISHED"
"b1de378e-c6b0-4de2-bd81-5de7fa3790ef",2025-09-30T01:11:31Z,2025-09-30T04:28:43Z,"691d3d0b-d7ba-4662-87b1-50b53656a4d9","4)",4,"Offerings","● Podcast & free content: streaming and informational content.
● VIP memberships (paywalled): access to tier-based exclusive posts, media, and community perks. Access begins once payment is confirmed.
● Merchandise: fulfilled on demand by Printful or similar provider. Mockups are illustrative; minor variations may occur due to on-demand production.
● Community features: members may create profiles, post blogs, and comment where features are enabled. See “User Content & Community Rules”. We may change, add, or remove features, pricing, or availability at any time (including for maintenance or legal reasons).","2025-09-30","[""TERMS""]",,,"PUBLISHED"
"b7a2ee8f-285e-4b7b-bae8-cc362da5b244",2025-09-30T01:11:31Z,2025-09-30T04:28:43Z,"691d3d0b-d7ba-4662-87b1-50b53656a4d9","2)",2,"Acceptance of These Terms","By accessing or using the site, creating an account, purchasing merchandise or memberships, or posting content, you agree to these Terms & Conditions (“Terms”) and our Privacy Policy. If you do not agree, do not use the site.","2025-09-30","[""TERMS""]",,,"PUBLISHED"
"bb3c08ec-4fd4-45eb-899a-a43cb8579bab",2025-09-30T01:11:31Z,2025-09-30T04:42:27Z,"691d3d0b-d7ba-4662-87b1-50b53656a4d9","4)",36,"Donations","Voluntary donations made outside of product or plan purchases are non-refundable.","2025-09-30","[""REFUNDS""]",,,"PUBLISHED"
"c1553be9-636f-4513-9e7b-e4350cd85687",2025-09-30T01:11:31Z,2025-09-30T04:41:50Z,"691d3d0b-d7ba-4662-87b1-50b53656a4d9","4)",42,"Physical Premises","We are primarily an online service and do not operate a public retail location at this time. If you require accommodation for an in-person event, please contact us.","2025-09-30","[""ACCESS""]",,,"PUBLISHED"
"c70b3ff6-7c3d-4c0b-bd98-6058248c472a",2025-09-30T01:11:31Z,2025-09-30T04:28:43Z,"691d3d0b-d7ba-4662-87b1-50b53656a4d9","7)",7,"Shipping & Risk of Loss (merchandise)","Title and risk of loss transfer to you upon carrier acceptance. Delivery estimates are not guarantees. Customs or import fees (if any) are your responsibility.","2025-09-30","[""TERMS""]",,,"PUBLISHED"
"cace119b-22fa-4a2d-abc9-249b3aab77c3",2025-09-30T01:11:31Z,2025-09-30T04:34:29Z,"691d3d0b-d7ba-4662-87b1-50b53656a4d9","15)",15,"Limitation of Liability","To the extent permitted by law, we are not liable for indirect, incidental, special, consequential, or punitive damages, or lost profits/revenue. Our aggregate liability for claims relating to the services will not exceed the amounts you paid to us for the applicable offering in the 3 months before the claim.","2025-09-30","[""TERMS""]",,,"PUBLISHED"
"cb7dbcc8-5fe2-4c3b-a609-77c5d2a509c9",2025-09-30T01:11:31Z,2025-09-30T04:37:56Z,"691d3d0b-d7ba-4662-87b1-50b53656a4d9","10)",31,"Changes","We’ll post updates here with a new “Last updated” date.","2025-09-30","[""PRIVACY""]",,,"PUBLISHED"
"d423d810-1a6b-4704-8342-ba4f35d772e1",2025-11-24T20:28:51Z,2025-11-24T20:36:58Z,"691d3d0b-d7ba-4662-87b1-50b53656a4d9","1)",45,"Portfolio Projects Disclaimer","Displayed materials represent selected work examples and may reflect different levels of completion.

Due to strict security and intellectual-property requirements, sensitive, classified, or otherwise restricted documents from commercial and defence projects are not eligible for public release.","2025-11-25","[""POPUP"",""PORTFOLIO""]",2025-11-24T20:28:50Z,,"PUBLISHED"
"d680356c-484c-4675-9428-d781ca4fca95",2025-09-30T01:11:31Z,2025-09-30T04:34:29Z,"691d3d0b-d7ba-4662-87b1-50b53656a4d9","14)",14,"Disclaimers","Services are provided “as is” and “as available”. To the maximum extent permitted by law, we disclaim warranties of merchantability, fitness for a particular purpose, and non-infringement. Content may contain opinions or errors; do not rely on it as professional advice.","2025-09-30","[""TERMS""]",,,"PUBLISHED"
"d9ff2547-68b6-4c71-bf4c-89de08381d56",2025-09-30T01:11:31Z,2025-09-30T08:03:13Z,"691d3d0b-d7ba-4662-87b1-50b53656a4d9","1)",1,"Who We Are","Daniel Clancy Official™ (a product of Brainstream Media Group™) is an entertainment & news podcast based in Sydney, NSW, Australia. The brand is led and owned by Daniel Clancy. The website at https://www.danielclancy.net sells branded merchandise via a white-label fulfilment partner (e.g., Printful) and offers paid VIP membership tiers with paywalled content. Daniel Clancy Official™ and associated logos are trademarks of Daniel Clancy and/or Brainstream Media Group™. The site is developed and maintained by Daniel Clancy (webmaster@brainstream.media).","2025-09-30","[""TERMS""]",,,"PUBLISHED"
"e131058f-acbf-4ef5-ad3d-9934202a1318",2025-09-30T04:30:46Z,2025-09-30T04:37:01Z,"691d3d0b-d7ba-4662-87b1-50b53656a4d9","7)",26,"YouTube API Services Disclosure","We use YouTube API Services to display near-realtime video, channel, and livestream information. By using our site’s YouTube-powered features, you agree to the YouTube Terms of Service: (https://www.youtube.com/t/terms). Your use of YouTube is also subject to the Google Privacy Policy (http://www.google.com/policies/privacy). We do not request or store your Google account credentials.","2025-09-30","[""PRIVACY""]",2025-09-30T04:30:06Z,,"PUBLISHED"
"e2a5e262-64ec-436c-a036-7a2cae1e78a7",2025-09-30T01:11:31Z,2025-09-30T04:28:43Z,"691d3d0b-d7ba-4662-87b1-50b53656a4d9","6)",6,"Renewals & Cancellations (memberships)","Unless stated otherwise, memberships renew automatically at the stated interval until cancelled. You can cancel anytime from your account; access continues through the paid-through date. See our Refund Policy for refunds and exceptions.","2025-09-30","[""TERMS""]",,,"PUBLISHED"
"e69fc683-921a-46da-8416-54eb35da8f84",2025-09-30T01:11:31Z,2025-09-30T04:28:43Z,"691d3d0b-d7ba-4662-87b1-50b53656a4d9","10)",10,"API-Sourced Data (ephemeral)","We display near-realtime livestreaming and related info using external APIs (e.g., YouTube Data API v3). This data is used solely for site functionality and is stored ephemerally—it is not archived once no longer valid and is handled in accordance with applicable API/platform policies.","2025-09-30","[""TERMS""]",,,"PUBLISHED"
"e7be9379-4461-4dca-8102-7835a786273f",2025-11-24T14:47:14Z,2025-11-24T20:31:48Z,"691d3d0b-d7ba-4662-87b1-50b53656a4d9","0)",44,"Portfolio Projects","Showcased documents are in various stages of completion - Sensitive, classified or otherwise protected documents (i.e. defence) are not shown for security & IP reasons.","2025-11-25","[""MARQUEE""]",2025-11-24T14:47:13Z,,"PUBLISHED"
"ea551a42-1696-439f-b477-2c8a5ef7c52f",2025-09-30T01:11:31Z,2025-09-30T04:35:13Z,"691d3d0b-d7ba-4662-87b1-50b53656a4d9","2)",21,"Data We Access, Collect, and Use (including API Data)","● Account & profile: name, email, username/handle, password, and optional profile info you provide.
● Transactions: purchase details (items, price, time, basic billing/shipping info). Card details are processed by our payment providers; we do not receive or store full card numbers.
● Usage data & cookies: device info, pages viewed, approximate location, and preferences. Non-essential cookies only run with consent and can be declined/managed via our cookie banner.
● User Content: posts, comments, messages you submit.
● API-sourced data: we display near-realtime livestreaming information (e.g., YouTube Data API v3). This data is used only to render site functionality and is stored ephemerally (not archived) once no longer valid.
● Discord widget display data (view-only): Our site embeds a Discord server widget that can show online members’ display names, avatars, and online status. This is rendered by Discord and not stored by us for other purposes.
● We may process: (a) account/profile data you provide (e.g., name, email, username); (b) transactional data for purchases (item, price, basic billing/shipping info); (c) usage data and device information via cookies or similar technologies; and (d) API-sourced data from YouTube (e.g., video IDs, titles, channel IDs, thumbnails, livestream status). API-sourced data is used to render site features and is stored ephemerally—no archival storage beyond what is necessary for functionality.","2025-09-30","[""PRIVACY""]",,,"PUBLISHED"
"f8486b0b-67a9-438f-8816-03959a9b99af",2025-09-30T01:11:31Z,2025-09-30T04:41:49Z,"691d3d0b-d7ba-4662-87b1-50b53656a4d9","3)",41,"Third-Party Content","Some components - such as the Discord server widget used to show online community members- are provided by third parties and may have their own accessibility constraints. Where a barrier exists, contact us at access@brainstream.media and we’ll offer an alternative contact or access path while we work with providers on improvements.","2025-09-30","[""ACCESS""]",,,"PUBLISHED"
